
        <?xml version="1.0" encoding="UTF-8"?>
        <manifest identifier="com.example.course" version="1.2" xmlns="http://www.imsproject.org/xsd/imscp_rootv1p1p2" xmlns:adlcp="http://www.adlnet.org/xsd/adlcp_rootv1p2">
            <metadata>
                <schema>ADL SCORM</schema>
                <schemaversion>1.2</schemaversion>
                <lom>
                    <general>
                        <title>
                            <string>Symfony : introduction</string>
                        </title>
                    </general>
                </lom>
            </metadata>
            <organizations default="org">
                <organization identifier="org">
                    <item identifier="item1" identifierref="resource1">
                        <title>Symfony : introduction</title>
                    </item>
                </organization>
            </organizations>
            <resources>
                <resource identifier="resource1" type="webcontent" href="index.html">
                    <file href="index.html" />
                </resource>
            </resources>
        </manifest>